Plant_Name,District,Area_Type,annual_recoverable,nrw_pct,production,pipe_km,plant_age,bursts_per_km,difficulty,R_volume,R_ease,LIPS,DVI,PRI,rank_LIPS,rank_PRI,rank_shift
PADANG PIOL,JERANTUT,Pinggir Bandar,2787533.6666666665,41.9705975206252,24063889,49.0,15.0,1.3673469387755102,0.4184054358639852,0.9054054054054054,0.5135135135135135,78.78378378378378,0.8846153846153846,113.63045738045737,2,1,1
TRIANG,BERA,Bandar,15331149.333333334,34.08581611409948,212830075,294.0,9.0,1.2346938775510203,0.5915383033417028,0.9864864864864865,0.13513513513513514,73.1081081081081,0.9866573033707865,109.17443250835103,3,2,1
SG SEMANTAN,RAUB,Pinggir Bandar,2505061.0,44.21677783560926,20905569,52.0,11.0,1.4807692307692308,0.34092346874466894,0.8918918918918919,0.7297297297297297,84.32432432432432,0.44491603901716265,103.0829465099128,1,3,-2
SG BERA (KEPAYANG),BERA,Luar Bandar,1082783.0,58.87416411234375,7046551,28.0,29.0,2.0,0.2933775904396618,0.6081081081081081,0.8243243243243243,67.29729729729729,0.9866573033707865,100.49698223504402,15,4,11
BERA KOMPLEKS,BERA,Luar Bandar,968238.6666666666,59.27137495374364,6315347,30.0,12.0,1.6,0.25110618705820553,0.581081081081081,0.8783783783783784,67.02702702702703,0.9866573033707865,100.09337989675069,16,5,11
KOTA GELANGGI,JERANTUT,Pinggir Bandar,1818614.3333333333,35.03011499516661,26487635,60.0,15.0,1.15,0.5159092781814628,0.8243243243243243,0.2702702702702703,65.81081081081082,0.8846153846153846,94.91943866943868,19,6,13
RUNCHANG AGRO,PEKAN,Pinggir Bandar,2490930.3333333335,38.5594791084318,24909906,53.0,22.0,1.320754716981132,0.5208737833279655,0.8783783783783784,0.22972972972972974,68.37837837837837,0.6855977589825903,91.81840986791828,13,7,6
BATU SAWAR,MARAN,Pinggir Bandar,1192282.6666666667,37.60682391155891,11295926,33.0,9.0,1.2424242424242424,0.35247516446606647,0.6891891891891891,0.7027027027027027,69.32432432432432,0.6248726694653661,90.983762124036,6,8,-2
JENGKA UTAMA,MARAN,Bandar,11857386.666666666,32.15750995924378,195094381,365.0,21.0,1.326027397260274,0.7164756074347869,0.9459459459459459,0.08108108108108109,68.64864864864865,0.6248726694653661,90.09698081678418,11,9,2
SBRG TEMERLOH,TEMERLOH,Pinggir Bandar,1192740.3333333333,31.528142796537352,14739349,43.0,13.0,1.302325581395349,0.40468716080770345,0.7027027027027027,0.5540540540540541,65.81081081081082,0.7238393628843067,89.6290384949093,19,10,9
SG JELAI,LIPIS,Bandar,17835731.333333332,30.706519504817276,209187912,298.0,30.0,1.4395973154362416,0.7550458038970458,1.0,0.04054054054054054,71.21621621621621,0.3803092974441289,84.75831079412539,5,11,-6
SG BILUT,RAUB,Pinggir Bandar,1720338.6666666667,38.21567140186464,17116567,48.0,18.0,1.3333333333333333,0.4613436935429272,0.8108108108108109,0.3918918918918919,68.51351351351352,0.44491603901716265,83.75489403930415,12,12,0
MELA,LIPIS,Pinggir Bandar,1661060.0,34.552858444720854,18537161,40.0,16.0,1.3,0.43101331854676395,0.7837837837837838,0.47297297297297297,69.05405405405405,0.3803092974441289,82.18500344553715,9,13,-4
KUALA MEDANG,LIPIS,Luar Bandar,859287.0,58.58125877695145,7178603,28.0,10.0,1.75,0.16924203859930942,0.5405405405405406,1.0,67.83783783783784,0.3803092974441289,80.73751806195627,14,14,0
JANDA BAIK,BENTONG,Pinggir Bandar,1907713.6666666667,34.78670462198168,22630120,47.0,10.0,1.148936170212766,0.43433158623092627,0.8378378378378378,0.4594594594594595,72.43243243243244,0.2247191011235955,80.57090798663833,4,15,-11
KERTAU,MARAN,Pinggir Bandar,1576707.6666666667,37.55053846571165,17068682,44.0,20.0,1.3636363636363635,0.4636194344762154,0.7162162162162162,0.35135135135135137,60.67567567567568,0.6248726694653661,79.6329613912128,25,16,9
KECHAU,LIPIS,Pinggir Bandar,1648482.6666666667,43.31374764403721,19286701,49.0,21.0,1.4489795918367347,0.45667191991162853,0.7702702702702703,0.40540540540540543,66.08108108108107,0.3803092974441289,78.6467058412283,17,17,0
JENDERAK UTARA,TEMERLOH,Pinggir Bandar,1624985.6666666667,33.64694675265811,23558622,61.0,24.0,1.278688524590164,0.5729247014810062,0.7432432432432432,0.1891891891891892,57.70270270270269,0.7238393628843067,78.58644648321612,28,18,10
SG KLOI,RAUB,Luar Bandar,817112.3333333334,53.44308727208356,5586861,25.0,11.0,1.68,0.1924580029704095,0.4864864864864865,0.972972972972973,63.24324324324325,0.44491603901716265,77.3122098824346,23,19,4
KG BANTAL,JERANTUT,Pinggir Bandar,721234.3333333334,37.242744156789875,7904388,30.0,14.0,1.4333333333333333,0.3313121154609336,0.44594594594594594,0.7432432432432432,53.51351351351351,0.8846153846153846,77.18295218295218,35,20,15
RUNCHANG,PEKAN,Pinggir Bandar,842015.6666666666,42.677304392412445,10722718,34.0,11.0,1.3235294117647058,0.34970715634785726,0.5,0.7162162162162162,56.486486486486484,0.6855977589825903,75.84999076045423,29,21,8
BUKIT SAGU,KUANTAN,Pinggir Bandar,1625256.0,37.00418552251606,16699946,45.0,13.0,1.3111111111111111,0.40654412406554813,0.7567567567567568,0.5405405405405406,69.1891891891892,0.1792698172613903,75.39095584039404,7,22,-15
SEMAMBU,KUANTAN,Bandar,12740390.666666666,27.22712559907061,228258568,437.0,15.0,1.1418764302059496,0.7333333333333334,0.9594594594594594,0.06756756756756757,69.18918918918918,0.1792698172613903,75.39095584039403,8,23,-15
PANCHING,KUANTAN,Bandar,12847712.666666666,28.288217084971638,177874091,224.0,29.0,1.2232142857142858,0.7883643314814798,0.972972972972973,0.02702702702702703,68.91891891891892,0.1792698172613903,75.0964599191425,10,24,-14
BENTONG (FASA 2),BENTONG,Bandar,8295554.666666667,34.89574570543867,117685128,193.0,39.0,1.6424870466321244,0.737510704467706,0.918918918918919,0.05405405405405406,65.94594594594595,0.2247191011235955,73.35560279380505,18,25,-7
SIMPANG JENGKA,MARAN,Pinggir Bandar,1120633.0,40.29143465072198,12361399,40.0,29.0,1.625,0.4623895359392221,0.6351351351351351,0.36486486486486486,55.4054054054054,0.6248726694653661,72.71606719464866,31,26,5
SG GAPOI,BENTONG,Pinggir Bandar,1982658.0,33.36152065090379,27727600,51.0,34.0,1.5098039215686274,0.5842791284144376,0.8648648648648649,0.14864864864864866,65.0,0.2247191011235955,72.30337078651685,22,27,-5
SG BERA (TEMBANGAU),BERA,Pinggir Bandar,902957.6666666666,36.558791211724426,10864566,35.0,28.0,1.4857142857142858,0.4853044710017098,0.5540540540540541,0.3108108108108108,48.108108108108105,0.9866573033707865,71.84121621621621,45,28,17
BUKIT UBI,KUANTAN,Bandar,9629753.666666666,29.98177210072383,154169713,238.0,36.0,1.3907563025210083,0.8144060363269462,0.9324324324324325,0.013513513513513514,65.67567567567568,0.1792698172613903,71.56250886412403,21,29,-8
BATU 9,LIPIS,Pinggir Bandar,1692916.3333333333,32.641027272107365,25341056,48.0,37.0,1.5625,0.5927272086558428,0.7972972972972973,0.12162162162162163,59.45945945945945,0.3803092974441289,70.7659520861768,26,30,-4
JENDERAK KG,TEMERLOH,Pinggir Bandar,759823.0,37.467355692747375,7455741,30.0,17.0,1.3666666666666667,0.3878389312664692,0.47297297297297297,0.6216216216216216,51.75675675675676,0.7238393628843067,70.48854567464117,40,31,9
SG TEMAU,LIPIS,Pinggir Bandar,1006487.3333333334,31.53433633403842,14398727,38.0,15.0,1.368421052631579,0.3905547090218267,0.5945945945945946,0.581081081081081,59.05405405405406,0.3803092974441289,70.28345695831652,27,32,-5
SG. LEMBING,KUANTAN,Pinggir Bandar,1929990.0,31.707272690245176,25828434,48.0,38.0,1.375,0.669069989220023,0.8513513513513513,0.0945945945945946,62.43243243243243,0.1792698172613903,68.02855780910555,24,33,-9
PEKAN TAJAU,MARAN,Pinggir Bandar,1082988.6666666667,37.29222138266171,10903853,31.0,34.0,1.5483870967741935,0.5170507245398926,0.6216216216216216,0.25675675675675674,51.21621621621622,0.6248726694653661,67.21802308968742,42,34,8
SELENDANG,ROMPIN,Luar Bandar,665721.6666666666,50.12874821248027,5556582,26.0,15.0,1.6538461538461537,0.25024031336064523,0.40540540540540543,0.8918918918918919,55.13513513513514,0.413156716878627,66.52486084368107,32,35,-3
LEPAR UTARA,JERANTUT,Luar Bandar,668094.3333333334,40.7758114724774,6493227,27.0,30.0,1.6666666666666667,0.41652558267684175,0.4189189189189189,0.527027027027027,45.13513513513514,0.8846153846153846,65.0987525987526,48,36,12
BATU MALIM,RAUB,Pinggir Bandar,1168533.3333333333,30.67567053421742,13588531,39.0,34.0,1.5384615384615385,0.5453157254723843,0.6621621621621622,0.21621621621621623,52.83783783783784,0.44491603901716265,64.59203859835883,36,37,-1
BATU EMBUN,JERANTUT,Luar Bandar,661107.3333333334,50.06980435130342,4732513,24.0,38.0,1.9583333333333333,0.39121326648569443,0.3918918918918919,0.5675675675675675,44.45945945945946,0.8846153846153846,64.12422037422037,50,38,12
SEKOR,PEKAN,Luar Bandar,581702.6666666666,51.129960392954075,4415376,25.0,23.0,1.84,0.27012697837045724,0.3108108108108108,0.8513513513513513,47.29729729729729,0.6855977589825903,63.51075781377746,46,39,7
BUKIT FRASER,RAUB,Luar Bandar,659607.6666666666,53.48721104261571,4522769,26.0,29.0,2.0384615384615383,0.27198731619195665,0.3783783783783784,0.8378378378378378,51.62162162162163,0.44491603901716265,63.10526533138893,41,40,1
KARAK,BENTONG,Luar Bandar,757726.0,44.92133052041145,6537923,29.0,17.0,1.6206896551724137,0.2957997636578466,0.4594594594594595,0.8108108108108109,56.486486486486484,0.2247191011235955,62.83328272092317,29,41,-12
MUADZAM SHAH,ROMPIN,Pinggir Bandar,858036.3333333334,29.483110908379057,11976399,35.0,15.0,1.2571428571428571,0.4203805378905305,0.527027027027027,0.5,51.891891891891895,0.413156716878627,62.61163373522925,39,42,-3
BUKIT BETONG,LIPIS,Pinggir Bandar,1177572.3333333333,28.77551806000689,21094178,48.0,32.0,1.4375,0.5806594327356667,0.6756756756756757,0.16216216216216217,52.16216216216216,0.3803092974441289,62.08103978469147,38,43,-5
NENASI,PEKAN,Luar Bandar,655927.6666666666,45.39373420214475,6578029,26.0,23.0,1.6153846153846154,0.3525100575219584,0.35135135135135137,0.6891891891891891,45.270270270270274,0.6855977589825903,60.788868193187014,47,44,3
LUBUK KAWAH,TEMERLOH,Luar Bandar,403609.0,58.61056445229941,2651969,22.0,11.0,1.5909090909090908,0.20963699312751283,0.21621621621621623,0.9594594594594594,43.918918918918926,0.7238393628843067,59.81404006333782,51,45,6
ULU SUNGAI,RAUB,Luar Bandar,657162.0,58.931164327524776,5818088,26.0,31.0,1.9615384615384615,0.3209712489590277,0.36486486486486486,0.7702702702702703,48.64864864864865,0.44491603901716265,59.47093067879585,44,46,-2
JAWI-JAWI,BENTONG,Pinggir Bandar,1127626.6666666667,39.499033783638474,14321844,40.0,27.0,1.4,0.5184453170606828,0.6486486486486487,0.24324324324324326,52.702702702702695,0.2247191011235955,58.624354691770414,37,47,-10
LEPAR,PEKAN,Pinggir Bandar,853915.6666666666,34.228714699673596,10351604,35.0,38.0,1.5714285714285714,0.5665953903628466,0.5135135135135135,0.20270270270270271,42.02702702702702,0.6855977589825903,56.433844800242255,52,48,4
SG TEKAM UTARA,JERANTUT,Luar Bandar,457142.0,43.58943057076294,3718952,24.0,26.0,1.75,0.33035956587799326,0.22972972972972974,0.7567567567567568,38.78378378378379,0.8846153846153846,55.93814968814969,54,49,5
BRINCHANG,CAMERON HIGHLANDS,Pinggir Bandar,1614943.0,30.505515393362,22527405,56.0,38.0,1.4642857142857142,0.6546675399795603,0.7297297297297297,0.10810810810810811,54.32432432432432,0.038461538461538464,55.369022869022864,33,50,-17
TERLA,CAMERON HIGHLANDS,Luar Bandar,698650.3333333334,50.508688110893516,5467299,27.0,15.0,1.5185185185185186,0.3013999881706248,0.43243243243243246,0.7972972972972973,54.18918918918919,0.038461538461538464,55.231288981288984,34,51,-17
LEPAR HILIR,KUANTAN,Luar Bandar,579024.0,52.81036942533335,5083869,26.0,11.0,1.6923076923076923,0.1924150136437763,0.2972972972972973,0.9864864864864865,50.40540540540541,0.1792698172613903,54.92348931341207,43,52,-9
BATU BALAI,JERANTUT,Pinggir Bandar,619062.0,35.123581905899485,7164722,28.0,17.0,1.25,0.42097093491860454,0.32432432432432434,0.4864864864864865,37.2972972972973,0.8846153846153846,53.7941787941788,56,53,3
MERAPOH,LIPIS,Pinggir Bandar,968068.0,29.129244189400932,12981837,34.0,33.0,1.3823529411764706,0.5736867633168291,0.5675675675675675,0.17567567567567569,44.99999999999999,0.3803092974441289,53.55695919249289,49,54,-5
JENGKA 3-7,MARAN,Luar Bandar,347685.0,51.17676049388098,3303306,23.0,13.0,1.565217391304348,0.24560165925227406,0.17567567567567569,0.9054054054054054,39.45945945945947,0.6248726694653661,51.78802834350588,53,55,-2
BELIMBING,PEKAN,Luar Bandar,552480.6666666666,44.97052028034711,5176440,25.0,30.0,1.72,0.3896530245981992,0.28378378378378377,0.6013513513513513,37.9054054054054,0.6855977589825903,50.89933590504165,55,56,-1
CHENOR,MARAN,Luar Bandar,217059.0,38.169390077698004,2135190,21.0,11.0,1.5238095238095237,0.2279533064647606,0.0945945945945946,0.9459459459459459,35.0,0.6248726694653661,45.93527171564391,57,57,0
KUALA TAHAN,JERANTUT,Luar Bandar,299186.3333333333,36.547955999671906,4401149,25.0,30.0,1.72,0.3896530245981992,0.16216216216216217,0.6013513513513513,29.39189189189189,0.8846153846153846,42.392151767151766,66,58,8
ULU JEMPOL,MARAN,Luar Bandar,643352.3333333334,35.883319690151815,7152535,31.0,36.0,1.6774193548387097,0.4943823355255943,0.33783783783783783,0.28378378378378377,32.16216216216216,0.6248726694653661,42.210790225186294,61,59,2
MEMPATEH,TEMERLOH,Luar Bandar,176171.33333333334,43.93292803560165,1718572,21.0,16.0,1.5714285714285714,0.26694208882588594,0.05405405405405406,0.8648648648648649,29.729729729729737,0.7238393628843067,40.489504042874835,64,60,4
GANCHONG,PEKAN,Luar Bandar,223567.66666666666,51.2914858552882,1786392,20.0,27.0,1.65,0.35655600668736565,0.10810810810810811,0.6756756756756757,27.837837837837842,0.6855977589825903,37.38061745610903,68,61,7
MEMPAGA,BENTONG,Luar Bandar,395731.6666666667,45.54154004018757,4525778,24.0,25.0,1.5833333333333333,0.37723216094738793,0.20270270270270271,0.6351351351351351,33.24324324324325,0.2247191011235955,36.97843911327058,58,62,-4
SG KLAU,RAUB,Luar Bandar,141936.0,47.81151561631426,1554272,20.0,11.0,1.5,0.2309635644720431,0.02702702702702703,0.9324324324324325,29.86486486486487,0.44491603901716265,36.50854355559412,63,63,0
KARAK INDAH,BENTONG,Luar Bandar,187268.66666666666,59.148386306897116,1502888,20.0,30.0,2.1,0.2333333333333333,0.06756756756756757,0.918918918918919,32.297297297297305,0.2247191011235955,35.9262071059824,60,64,-4
SEPAYANG,ROMPIN,Luar Bandar,470230.0,37.587857874264664,4656384,27.0,25.0,1.4074074074074074,0.45116690340207305,0.24324324324324326,0.4189189189189189,29.594594594594597,0.413156716878627,35.708197364622926,65,65,0
LURAH BILUT,BENTONG,Luar Bandar,543640.6666666666,47.368657905487744,4266473,25.0,37.0,1.8,0.43959862340933425,0.2702702702702703,0.43243243243243246,31.8918918918919,0.2247191011235955,35.47525053143031,62,66,-4
SEBERANG TEMBELING,JERANTUT,Luar Bandar,371711.3333333333,36.87298516615877,5488666,27.0,19.0,1.1851851851851851,0.46181184497608085,0.1891891891891892,0.3783783783783784,24.5945945945946,0.8846153846153846,35.47297297297298,70,67,3
SG KERATONG,ROMPIN,Luar Bandar,239618.0,38.85339637890793,3309775,23.0,21.0,1.4782608695652173,0.3647429165831661,0.12162162162162163,0.6621621621621622,28.378378378378383,0.413156716878627,34.2407371989535,67,68,-1
TRAS,RAUB,Luar Bandar,538110.6666666666,38.37845896384098,6043609,26.0,28.0,1.4230769230769231,0.4749698894396361,0.25675675675675674,0.32432432432432434,27.7027027027027,0.44491603901716265,33.86539108098096,69,69,0
HABU,CAMERON HIGHLANDS,Luar Bandar,242793.66666666666,44.585982787193466,2135503,22.0,21.0,1.5909090909090908,0.32074810423862393,0.13513513513513514,0.7837837837837838,32.97297297297298,0.038461538461538464,33.60706860706861,59,70,-11
CHINI,PEKAN,Luar Bandar,275455.3333333333,44.50423318389719,2645054,22.0,30.0,1.5454545454545454,0.4365618422878527,0.14864864864864866,0.44594594594594594,23.783783783783786,0.6855977589825903,31.936838214928102,71,71,0
BENTA,LIPIS,Luar Bandar,157169.66666666666,37.04818759515684,1745802,21.0,24.0,1.5238095238095237,0.37239775090920507,0.04054054054054054,0.6486486486486487,22.2972972972973,0.3803092974441289,26.537232032316304,72,72,0
JENGKA 8,JERANTUT,Luar Bandar,203280.0,43.03201017422205,2521667,23.0,35.0,1.565217391304348,0.4900461036967185,0.08108108108108109,0.2972972972972973,14.594594594594595,0.8846153846153846,21.04989604989605,73,73,0
SG AUR,ROMPIN,Luar Bandar,109739.0,36.796283951145824,1308056,20.0,32.0,1.5,0.4642968978053765,0.013513513513513514,0.33783783783783783,11.081081081081082,0.413156716878627,13.370192620543746,74,74,0
