date,type,nrw_pct,lo80,hi80,lo95,hi95
2023-01,actual,35.141394123439966,,,,
2023-02,actual,34.230646048072714,,,,
2023-03,actual,34.40523783144497,,,,
2023-04,actual,35.21000761733712,,,,
2023-05,actual,34.938100225152965,,,,
2023-06,actual,33.784329293613006,,,,
2023-07,actual,34.77846399905138,,,,
2023-08,actual,35.001719876791064,,,,
2023-09,actual,34.919742259496914,,,,
2023-10,actual,34.47191194913252,,,,
2023-11,actual,34.416261267225416,,,,
2023-12,actual,34.38026326153534,,,,
2024-01,actual,33.7868271371056,,,,
2024-02,actual,33.40885534832892,,,,
2024-03,actual,34.222800830203795,,,,
2024-04,actual,33.25071965998892,,,,
2024-05,actual,33.28771502173332,,,,
2024-06,actual,32.977658603113696,,,,
2024-07,actual,33.46399680626011,,,,
2024-08,actual,33.328770914613465,,,,
2024-09,actual,33.88886730586576,,,,
2024-10,actual,33.27928308558726,,,,
2024-11,actual,32.95989003354064,,,,
2024-12,actual,33.367546985365735,,,,
2025-01,actual,32.68267966031289,,,,
2025-02,actual,32.09061425579303,,,,
2025-03,actual,32.124304288397504,,,,
2025-04,actual,32.1603226941241,,,,
2025-05,actual,31.794576951748045,,,,
2025-06,actual,32.21364249297239,,,,
2025-07,actual,31.954671294246488,,,,
2025-08,actual,32.461020158485546,,,,
2025-09,actual,31.832963122959484,,,,
2025-10,actual,32.59642100100891,,,,
2025-11,actual,32.03079945116864,,,,
2025-12,actual,31.849541343499272,,,,
2026-01,forecast,31.9867873212317,31.307742975486097,32.71935713215674,30.949837214811495,33.129115189064116
2026-02,forecast,31.936090378786588,31.020575508905573,32.879424985428514,30.560767881699572,33.41782634385562
2026-03,forecast,31.8955328248305,30.673454953968104,33.16099428121342,29.971841054340576,33.787435152821466
2026-04,forecast,31.86308678166563,30.265453934170715,33.46635899655799,29.469227760220576,34.352123708396
2026-05,forecast,31.837129947133732,29.90738353261129,33.763085926714304,28.927715680588673,34.913492466711034
2026-06,forecast,31.816364479508213,29.556898498139162,34.08409989976831,28.206946201293313,35.44408309023927
2026-07,forecast,31.7997521054078,29.207506655143494,34.3902734814278,27.779582641902042,35.996826080955294
2026-08,forecast,31.786462206127467,28.808024474605656,34.840789027344485,27.184490839766944,36.628353500989434
2026-09,forecast,31.775830286703204,28.527156378890318,35.086312304626766,26.732298600424073,37.046595943971845
2026-10,forecast,31.76732475116379,28.201623499649422,35.492483801668044,26.35373500809753,37.58855771210078
2026-11,forecast,31.760520322732262,27.822231516373076,35.818910730305525,25.80051976471681,38.05518792361121
2026-12,forecast,31.75507677998704,27.487822694351802,36.071309288634204,25.335024597804733,38.520380469402085
2027-01,forecast,31.75072194579086,27.13429338545919,36.31774180718789,24.834005889408125,38.96659889179568
2027-02,forecast,31.747238078433917,26.785193753223098,36.70163929826402,24.34260478698242,39.41301028223447
2027-03,forecast,31.74445098454836,26.488316938977473,36.95320583813422,23.980673659861083,39.702335057816896
2027-04,forecast,31.74222130943992,26.09003070902924,37.175438335396514,23.50484316348894,40.17490781863073
2027-05,forecast,31.740437569353166,25.94053710324697,37.39879546973602,22.935775736625544,40.42924691665581
2027-06,forecast,31.73901057728376,25.5288047102106,37.55777505209304,22.94658795138746,40.941875232408684
2027-07,forecast,31.737868983628235,25.4492685193473,37.79947355873733,22.377919404816996,41.448773588086354
2027-08,forecast,31.736955708703817,25.19268086034435,38.11730656946026,21.934795246591502,41.506636095726726
2027-09,forecast,31.736225088764282,24.999207503813484,38.29578285337332,21.528455638249415,41.96275239894732
2027-10,forecast,31.735640592812654,24.897428117119063,38.522810430799254,21.03573910821219,42.28533263406301
2027-11,forecast,31.735172996051354,24.53084255345173,38.78571050452166,20.789466576671952,42.50409631651696
2027-12,forecast,31.734798918642312,24.398437789918816,38.93626186589674,20.154448761699435,42.73785772868358
2028-01,forecast,31.734499656715077,24.193342109627032,39.08729438140256,19.99904733970839,43.104279481342196
2028-02,forecast,31.734260247173292,23.85281141823756,39.27673403375268,19.65486737862112,43.303618864154764
2028-03,forecast,31.734068719539863,23.732608471616565,39.45478039877012,19.349115585827075,43.42003312378242
2028-04,forecast,31.73391549743312,23.552992036269067,39.717147547977156,19.026257122841628,43.83880009703204
2028-05,forecast,31.733792919747724,23.527782776976693,39.717645078167926,18.723321165457943,44.234097010536644
2028-06,forecast,31.733694857599406,23.297711108645778,40.03796814752052,18.526338853171033,44.23969539906365
2028-07,forecast,31.733616407880756,23.289489694256353,40.11777584439606,18.395885846990975,44.43296374468246
2028-08,forecast,31.733553648105833,23.04223933124456,40.189980097086256,18.24688351354636,44.594151618669926
2028-09,forecast,31.733503440285894,22.852562454147073,40.32308588801411,18.18676109523382,45.07730337401205
2028-10,forecast,31.733463274029944,22.594937948539464,40.471666814194634,17.771282813972196,45.20691865353044
2028-11,forecast,31.733431141025186,22.31449282472917,40.728557921336794,17.457769171517228,45.5582857173079
2028-12,forecast,31.73340543462138,22.173201766225553,40.93164432317592,17.27218729360212,45.687392439542926
2029-01,forecast,31.73338486949833,22.02576013166052,41.37868313173093,17.052011000189935,45.89302995633955
2029-02,forecast,31.733368417399895,21.86483493622829,41.37502492062126,17.092452895148416,46.09185962998184
2029-03,forecast,31.733355255721143,21.81942774890444,41.52244123187061,16.51849516334765,46.25653477777246
2029-04,forecast,31.733344726378142,21.722536807810872,41.72519740915732,16.296588488614976,46.439419434525924
2029-05,forecast,31.733336302903744,21.67612482567162,42.03038527062836,16.041469732643257,46.72990642529097
2029-06,forecast,31.733329564124222,21.440218612200425,42.21997520406244,15.767476825973253,47.096345629014124
2029-07,forecast,31.73332417310061,21.421968724272563,42.2434463876206,15.60472307198932,47.13524981468617
2029-08,forecast,31.733319860281714,21.33727455717114,42.41243322067017,15.483695855782472,47.42043858300161
2029-09,forecast,31.7333164100266,21.106956562146852,42.58452943824475,15.37297749390862,47.518588779484865
2029-10,forecast,31.73331364982251,20.939382950471526,42.89536921661663,15.04183567043509,47.64794598024136
2029-11,forecast,31.733311441659236,20.989657027847656,42.95825314177938,14.79849231109358,48.12380682473389
2029-12,forecast,31.73330967512862,20.785272318923266,43.006448290153955,14.703731632871516,48.31542950485866
2030-01,forecast,31.733308261904124,20.569355796536005,43.153584890249164,14.415723209981742,48.43616196568122
2030-02,forecast,31.733307131324526,20.333886857658822,43.5551546187156,14.558813901211384,48.51528775019267
2030-03,forecast,31.73330622686085,20.125378834924035,43.65784065225936,14.232191688839942,48.59476773301589
2030-04,forecast,31.73330550328991,19.954039358060292,43.68321648330734,13.830798418832499,48.80002992811496
2030-05,forecast,31.733304924433156,19.83916875407432,43.773533409502754,13.715748025196369,48.85205313736265
2030-06,forecast,31.733304461347753,19.756400583697413,43.820630393048056,13.448564639953872,48.9571561509896
2030-07,forecast,31.733304090879432,19.750119288198142,43.89342562859152,13.403425177147176,49.4461140598288
2030-08,forecast,31.733303794504774,19.60753819286623,43.812313699701974,13.278446667429881,49.42184944226865
2030-09,forecast,31.733303557405048,19.441878313735604,43.963545431745274,12.917415221791275,49.676463399330935
2030-10,forecast,31.733303367725266,19.36253851800142,44.13685987730109,12.540578431836561,49.83535255042649
2030-11,forecast,31.733303215981444,19.14199173770381,44.376056434146605,12.63640022489584,50.25944921103534
2030-12,forecast,31.733303094586383,19.198073915723924,44.38047987080365,12.908870451362553,50.24736871869123
